cu_num,M,N,K,libtype,kernelId,splitK,us,kernelName,tflops,bw,errRatio
256,16,512,7168,ck,8,0,21.6604,a8w8_blockscale_1x128x128_256x16x64x256_16x16_16x16_1x1_16x16x1_16x16x1_1x16x1x16_4_1x1_intrawave_v1,5.42,175.49,0.0
256,32,512,7168,ck,8,0,21.7039,a8w8_blockscale_1x128x128_256x16x64x256_16x16_16x16_1x1_16x16x1_16x16x1_1x16x1x16_4_1x1_intrawave_v1,10.82,181.17,0.0
256,64,512,7168,ck,8,0,21.6778,a8w8_blockscale_1x128x128_256x16x64x256_16x16_16x16_1x1_16x16x1_16x16x1_1x16x1x16_4_1x1_intrawave_v1,21.67,193.48,0.0
256,128,512,7168,ck,8,0,21.3999,a8w8_blockscale_1x128x128_256x16x64x256_16x16_16x16_1x1_16x16x1_16x16x1_1x16x1x16_4_1x1_intrawave_v1,43.9,220.5,0.0
256,256,512,7168,ck,8,0,21.566,a8w8_blockscale_1x128x128_256x16x64x256_16x16_16x16_1x1_16x16x1_16x16x1_1x16x1x16_4_1x1_intrawave_v1,87.13,267.42,0.0
256,512,512,7168,ck,8,0,22.1715,a8w8_blockscale_1x128x128_256x16x64x256_16x16_16x16_1x1_16x16x1_16x16x1_1x16x1x16_4_1x1_intrawave_v1,169.5,354.7,0.0
256,1024,512,7168,ck,18,0,27.7844,a8w8_blockscale_1x128x128_256x64x64x256_16x16_32x32_1x1_16x16x1_16x16x1_1x32x1x8_8_1x1_intrawave_v1,270.52,434.01,0.0
256,1536,512,7168,ck,18,0,28.4859,a8w8_blockscale_1x128x128_256x64x64x256_16x16_32x32_1x1_16x16x1_16x16x1_1x32x1x8_8_1x1_intrawave_v1,395.78,570.56,0.0
256,2048,512,7168,ck,18,0,29.743,a8w8_blockscale_1x128x128_256x64x64x256_16x16_32x32_1x1_16x16x1_16x16x1_1x32x1x8_8_1x1_intrawave_v1,505.41,687.46,0.0
256,4096,512,7168,ck,2,0,46.2916,a8w8_blockscale_1x128x128_256x64x128x128_16x16_32x32_1x2_8x32x1_8x32x1_1x32x1x8_8_1x1_intrawave_v3,649.46,804.13,0.0
256,8192,512,7168,ck,0,0,64.9445,a8w8_blockscale_1x128x128_256x128x128x128_16x16_32x32_2x2_8x32x1_8x32x1_1x32x1x8_8_1x1_intrawave_v3,925.86,1089.84,0.0
256,16384,512,7168,cktile,2,0,98.0891,a8w8_blockscale_cktile_192x256x128_4x2x1_16x16x128_intrawave_0x1x0_1,1226.02,1405.74,0.0
256,20480,512,7168,cktile,2,0,107.4747,a8w8_blockscale_cktile_192x256x128_4x2x1_16x16x128_intrawave_0x1x0_1,1398.69,1595.19,0.0
256,16,576,7168,ck,8,0,21.6673,a8w8_blockscale_1x128x128_256x16x64x256_16x16_16x16_1x1_16x16x1_16x16x1_1x16x1x16_4_1x1_intrawave_v1,6.1,196.7,0.0
256,32,576,7168,ck,8,0,21.7609,a8w8_blockscale_1x128x128_256x16x64x256_16x16_16x16_1x1_16x16x1_16x16x1_1x16x1x16_4_1x1_intrawave_v1,12.14,201.97,0.0
256,64,576,7168,ck,8,0,21.7434,a8w8_blockscale_1x128x128_256x16x64x256_16x16_16x16_1x1_16x16x1_16x16x1_1x16x1x16_4_1x1_intrawave_v1,24.31,214.38,0.0
256,128,576,7168,ck,8,0,21.4847,a8w8_blockscale_1x128x128_256x16x64x256_16x16_16x16_1x1_16x16x1_16x16x1_1x16x1x16_4_1x1_intrawave_v1,49.2,241.74,0.0
256,256,576,7168,ck,8,0,21.7018,a8w8_blockscale_1x128x128_256x16x64x256_16x16_16x16_1x1_16x16x1_16x16x1_1x16x1x16_4_1x1_intrawave_v1,97.41,288.39,0.0
256,512,576,7168,ck,18,0,27.2661,a8w8_blockscale_1x128x128_256x64x64x256_16x16_32x32_1x1_16x16x1_16x16x1_1x32x1x8_8_1x1_intrawave_v1,155.06,307.66,0.0
256,1024,576,7168,ck,18,0,27.9591,a8w8_blockscale_1x128x128_256x64x64x256_16x16_32x32_1x1_16x16x1_16x16x1_1x32x1x8_8_1x1_intrawave_v1,302.43,452.39,0.0
256,1536,576,7168,ck,18,0,29.0483,a8w8_blockscale_1x128x128_256x64x64x256_16x16_32x32_1x1_16x16x1_16x16x1_1x32x1x8_8_1x1_intrawave_v1,436.64,582.07,0.0
256,2048,576,7168,ck,3,0,47.1903,a8w8_blockscale_1x128x128_256x64x64x128_16x16_32x32_1x1_8x32x1_8x32x1_1x32x1x8_8_1x1_intrawave_v3,358.37,448.57,0.0
256,4096,576,7168,ck,0,0,57.4439,a8w8_blockscale_1x128x128_256x128x128x128_16x16_32x32_2x2_8x32x1_8x32x1_1x32x1x8_8_1x1_intrawave_v3,588.8,665.13,0.0
256,8192,576,7168,ck,0,0,89.9822,a8w8_blockscale_1x128x128_256x128x128x128_16x16_32x32_2x2_8x32x1_8x32x1_1x32x1x8_8_1x1_intrawave_v3,751.77,803.34,0.0
256,16384,576,7168,ck,0,0,153.0201,a8w8_blockscale_1x128x128_256x128x128x128_16x16_32x32_2x2_8x32x1_8x32x1_1x32x1x8_8_1x1_intrawave_v3,884.14,917.81,0.0
256,20480,576,7168,cktile,2,0,181.3952,a8w8_blockscale_cktile_192x256x128_4x2x1_16x16x128_intrawave_0x1x0_1,932.3,962.11,0.0
256,128,1024,4096,ck,8,0,13.7265,a8w8_blockscale_1x128x128_256x16x64x256_16x16_16x16_1x1_16x16x1_16x16x1_1x16x1x16_4_1x1_intrawave_v1,78.22,362.86,0.0
256,16,1536,7168,ck,8,0,22.1413,a8w8_blockscale_1x128x128_256x16x64x256_16x16_16x16_1x1_16x16x1_16x16x1_1x16x1x16_4_1x1_intrawave_v1,15.91,504.66,0.0
256,32,1536,7168,ck,8,0,22.174,a8w8_blockscale_1x128x128_256x16x64x256_16x16_16x16_1x1_16x16x1_16x16x1_1x16x1x16_4_1x1_intrawave_v1,31.78,511.31,0.0
256,64,1536,7168,ck,8,0,21.6869,a8w8_blockscale_1x128x128_256x16x64x256_16x16_16x16_1x1_16x16x1_16x16x1_1x16x1x16_4_1x1_intrawave_v1,64.98,537.9,0.0
256,128,1536,7168,ck,8,0,21.9846,a8w8_blockscale_1x128x128_256x16x64x256_16x16_16x16_1x1_16x16x1_16x16x1_1x16x1x16_4_1x1_intrawave_v1,128.21,560.43,0.0
256,256,1536,7168,ck,18,0,27.5862,a8w8_blockscale_1x128x128_256x64x64x256_16x16_32x32_1x1_16x16x1_16x16x1_1x32x1x8_8_1x1_intrawave_v1,204.35,494.14,0.0
256,512,1536,7168,ck,18,0,28.5256,a8w8_blockscale_1x128x128_256x64x64x256_16x16_32x32_1x1_16x16x1_16x16x1_1x32x1x8_8_1x1_intrawave_v1,395.23,569.77,0.0
256,1024,1536,7168,ck,2,0,43.2719,a8w8_blockscale_1x128x128_256x64x128x128_16x16_32x32_1x2_8x32x1_8x32x1_1x32x1x8_8_1x1_intrawave_v3,521.09,496.76,0.0
256,1536,1536,7168,ck,0,0,55.5277,a8w8_blockscale_1x128x128_256x128x128x128_16x16_32x32_2x2_8x32x1_8x32x1_1x32x1x8_8_1x1_intrawave_v3,609.12,481.54,0.0
256,2048,1536,7168,ck,0,0,57.4241,a8w8_blockscale_1x128x128_256x128x128x128_16x16_32x32_2x2_8x32x1_8x32x1_1x32x1x8_8_1x1_intrawave_v3,785.34,556.94,0.0
256,4096,1536,7168,cktile,2,0,89.8431,a8w8_blockscale_cktile_192x256x128_4x2x1_16x16x128_intrawave_0x1x0_1,1003.91,589.4,0.0
256,8192,1536,7168,cktile,2,0,156.3641,a8w8_blockscale_cktile_192x256x128_4x2x1_16x16x128_intrawave_0x1x0_1,1153.64,606.89,0.0
256,16384,1536,7168,cktile,2,0,253.0508,a8w8_blockscale_cktile_192x256x128_4x2x1_16x16x128_intrawave_0x1x0_1,1425.71,706.51,0.0
256,20480,1536,7168,cktile,2,0,295.9502,a8w8_blockscale_cktile_192x256x128_4x2x1_16x16x128_intrawave_0x1x0_1,1523.81,745.82,0.0
256,128,4096,512,ck,13,0,4.2556,a8w8_blockscale_1x128x128_256x32x64x256_16x16_16x16_2x1_16x16x1_16x16x1_1x32x1x8_8_2x1_intrawave_v1,126.16,754.6,0.0
256,128,4096,1280,ck,7,0,7.4661,a8w8_blockscale_1x128x128_256x16x128x256_16x16_16x16_1x2_16x16x1_16x16x1_1x16x1x16_8_1x2_intrawave_v1,179.77,864.61,0.0
256,32768,4096,2048,cktile,2,0,419.2434,a8w8_blockscale_cktile_192x256x128_4x2x1_16x16x128_intrawave_0x1x0_1,1311.3,820.37,0.0
256,16,4608,7168,ck,8,0,21.9298,a8w8_blockscale_1x128x128_256x16x64x256_16x16_16x16_1x1_16x16x1_16x16x1_1x16x1x16_4_1x1_intrawave_v1,48.2,1518.13,0.0
256,32,4608,7168,ck,8,0,22.0875,a8w8_blockscale_1x128x128_256x16x64x256_16x16_16x16_1x1_16x16x1_16x16x1_1x16x1x16_4_1x1_intrawave_v1,95.71,1519.16,0.0
256,64,4608,7168,ck,18,0,27.4405,a8w8_blockscale_1x128x128_256x64x64x256_16x16_32x32_1x1_16x16x1_16x16x1_1x32x1x8_8_1x1_intrawave_v1,154.07,1241.91,0.0
256,128,4608,7168,ck,18,0,27.9176,a8w8_blockscale_1x128x128_256x64x64x256_16x16_32x32_1x1_16x16x1_16x16x1_1x32x1x8_8_1x1_intrawave_v1,302.88,1258.25,0.0
256,256,4608,7168,ck,2,0,43.592,a8w8_blockscale_1x128x128_256x64x128x128_16x16_32x32_1x2_8x32x1_8x32x1_1x32x1x8_8_1x1_intrawave_v3,387.95,853.93,0.0
256,512,4608,7168,ck,0,0,55.8224,a8w8_blockscale_1x128x128_256x128x128x128_16x16_32x32_2x2_8x32x1_8x32x1_1x32x1x8_8_1x1_intrawave_v3,605.9,741.97,0.0
256,1024,4608,7168,cktile,2,0,85.3305,a8w8_blockscale_cktile_192x256x128_4x2x1_16x16x128_intrawave_0x1x0_1,792.75,583.7,0.0
256,1536,4608,7168,cktile,2,0,90.2354,a8w8_blockscale_cktile_192x256x128_4x2x1_16x16x128_intrawave_0x1x0_1,1124.49,644.94,0.0
256,2048,4608,7168,cktile,2,0,97.4114,a8w8_blockscale_cktile_192x256x128_4x2x1_16x16x128_intrawave_0x1x0_1,1388.87,683.54,0.0
256,4096,4608,7168,cktile,2,0,188.4086,a8w8_blockscale_cktile_192x256x128_4x2x1_16x16x128_intrawave_0x1x0_1,1436.15,531.5,0.0
256,8192,4608,7168,cktile,2,0,323.0122,a8w8_blockscale_cktile_192x256x128_4x2x1_16x16x128_intrawave_0x1x0_1,1675.37,517.78,0.0
256,16384,4608,7168,cktile,2,0,609.1964,a8w8_blockscale_cktile_192x256x128_4x2x1_16x16x128_intrawave_0x1x0_1,1776.65,494.86,0.0
256,20480,4608,7168,cktile,2,0,769.1232,a8w8_blockscale_cktile_192x256x128_4x2x1_16x16x128_intrawave_0x1x0_1,1759.04,479.21,0.0
256,16,7168,256,ck,8,0,3.0212,a8w8_blockscale_1x128x128_256x16x64x256_16x16_16x16_1x1_16x16x1_16x16x1_1x16x1x16_4_1x1_intrawave_v1,19.44,684.66,0.0
256,16,7168,2304,ck,8,0,8.6583,a8w8_blockscale_1x128x128_256x16x64x256_16x16_16x16_1x1_16x16x1_16x16x1_1x16x1x16_4_1x1_intrawave_v1,61.04,1938.18,0.0
256,32,7168,256,ck,8,0,3.3772,a8w8_blockscale_1x128x128_256x16x64x256_16x16_16x16_1x1_16x16x1_16x16x1_1x16x1x16_4_1x1_intrawave_v1,34.77,681.62,0.0
256,32,7168,2304,ck,8,0,8.8671,a8w8_blockscale_1x128x128_256x16x64x256_16x16_16x16_1x1_16x16x1_16x16x1_1x16x1x16_4_1x1_intrawave_v1,119.2,1922.56,0.0
256,64,7168,256,ck,13,0,3.877,a8w8_blockscale_1x128x128_256x32x64x256_16x16_16x16_2x1_16x16x1_16x16x1_1x32x1x8_8_2x1_intrawave_v1,60.58,714.19,0.0
256,64,7168,2304,ck,7,0,11.0914,a8w8_blockscale_1x128x128_256x16x128x256_16x16_16x16_1x2_16x16x1_16x16x1_1x16x1x16_8_1x2_intrawave_v1,190.59,1585.01,0.0
256,128,7168,256,ck,8,0,4.6168,a8w8_blockscale_1x128x128_256x16x64x256_16x16_16x16_1x1_16x16x1_16x16x1_1x16x1x16_4_1x1_intrawave_v1,101.75,802.02,0.0
256,128,7168,2304,ck,18,0,11.7153,a8w8_blockscale_1x128x128_256x64x64x256_16x16_32x32_1x1_16x16x1_16x16x1_1x32x1x8_8_1x1_intrawave_v1,360.88,1591.51,0.0
256,256,7168,256,ck,8,0,5.9085,a8w8_blockscale_1x128x128_256x16x64x256_16x16_16x16_1x1_16x16x1_16x16x1_1x16x1x16_4_1x1_intrawave_v1,159.01,942.8,0.0
256,256,7168,2304,ck,2,0,17.2049,a8w8_blockscale_1x128x128_256x64x128x128_16x16_32x32_1x2_8x32x1_8x32x1_1x32x1x8_8_1x1_intrawave_v3,491.47,1207.5,0.0
256,512,7168,256,cktile,3,0,7.8369,a8w8_blockscale_cktile_128x128x128_2x2x1_16x16x128_intrawave_0x1x0_2,239.77,1187.47,0.0
256,512,7168,2304,ck,0,0,22.8335,a8w8_blockscale_1x128x128_256x128x128x128_16x16_32x32_2x2_8x32x1_8x32x1_1x32x1x8_8_1x1_intrawave_v3,740.64,1096.4,0.0
256,1024,7168,256,cktile,3,0,11.2761,a8w8_blockscale_cktile_128x128x128_2x2x1_16x16x128_intrawave_0x1x0_2,333.28,1487.86,0.0
256,1024,7168,2304,ck,0,0,37.6132,a8w8_blockscale_1x128x128_256x128x128x128_16x16_32x32_2x2_8x32x1_8x32x1_1x32x1x8_8_1x1_intrawave_v3,899.23,892.09,0.0
256,1536,7168,256,cktile,3,0,13.6757,a8w8_blockscale_cktile_128x128x128_2x2x1_16x16x128_intrawave_0x1x0_2,412.2,1773.1,0.0
256,1536,7168,2304,cktile,2,0,44.2724,a8w8_blockscale_cktile_192x256x128_4x2x1_16x16x128_intrawave_0x1x0_1,1145.96,950.35,0.0
256,2048,7168,256,cktile,3,0,18.6823,a8w8_blockscale_cktile_128x128x128_2x2x1_16x16x128_intrawave_0x1x0_2,402.32,1697.83,0.0
256,2048,7168,2048,ck,0,0,66.2809,a8w8_blockscale_1x128x128_256x128x128x128_16x16_32x32_2x2_8x32x1_8x32x1_1x32x1x8_8_1x1_intrawave_v3,907.19,727.73,0.0
256,2048,7168,2304,ck,0,0,74.6253,a8w8_blockscale_1x128x128_256x128x128x128_16x16_32x32_2x2_8x32x1_8x32x1_1x32x1x8_8_1x1_intrawave_v3,906.47,677.97,0.0
256,4096,7168,256,cktile,3,0,29.5731,a8w8_blockscale_cktile_128x128x128_2x2x1_16x16x128_intrawave_0x1x0_2,508.31,2083.1,0.0
256,4096,7168,2304,cktile,2,0,117.5255,a8w8_blockscale_cktile_192x256x128_4x2x1_16x16x128_intrawave_0x1x0_1,1151.17,720.46,0.0
256,8192,7168,256,cktile,3,0,54.8376,a8w8_blockscale_cktile_128x128x128_2x2x1_16x16x128_intrawave_0x1x0_2,548.25,2213.31,0.0
256,8192,7168,2304,cktile,2,0,199.8639,a8w8_blockscale_cktile_192x256x128_4x2x1_16x16x128_intrawave_0x1x0_1,1353.84,764.67,0.0
256,16384,7168,256,cktile,3,0,100.8835,a8w8_blockscale_cktile_128x128x128_2x2x1_16x16x128_intrawave_0x1x0_2,596.03,2388.01,0.0
256,16384,7168,2304,cktile,2,0,372.8575,a8w8_blockscale_cktile_192x256x128_4x2x1_16x16x128_intrawave_0x1x0_1,1451.4,775.48,0.0
256,20480,7168,256,cktile,3,0,124.6731,a8w8_blockscale_cktile_128x128x128_2x2x1_16x16x128_intrawave_0x1x0_2,602.87,2411.74,0.0
256,20480,7168,2304,cktile,2,0,466.0486,a8w8_blockscale_cktile_192x256x128_4x2x1_16x16x128_intrawave_0x1x0_1,1451.47,766.66,0.0
